{"cameraMode":{"drawMode":0,"name":"Shaded","section":"Shading Mode"},"sceneLighting":false,"audioPlay":false,"sceneViewState":{"showFog":true,"showMaterialUpdate":false,"showSkybox":false,"showFlares":true,"showImageEffects":true,"showParticleSystems":true},"in2DMode":false,"pivot":{"x":202.69554138183595,"y":12.696020126342774,"z":449.8758239746094},"rotation":{"x":0.00548776239156723,"y":0.26441076397895815,"z":0.0015046977205201984,"w":-0.9643940925598145},"size":23.572166442871095,"orthographic":false}