{"cameraMode":{"drawMode":0,"name":"Shaded","section":"Shading Mode"},"sceneLighting":true,"audioPlay":false,"sceneViewState":{"showFog":true,"showMaterialUpdate":false,"showSkybox":true,"showFlares":true,"showImageEffects":true,"showParticleSystems":true},"in2DMode":false,"pivot":{"x":346.0987854003906,"y":1.81658935546875,"z":336.2998046875},"rotation":{"x":0.5633280873298645,"y":-0.17040933668613435,"z":0.12007049471139908,"w":0.7995110750198364},"size":138.56407165527345,"orthographic":false}