{"cameraMode":{"drawMode":0,"name":"Shaded","section":"Shading Mode"},"sceneLighting":true,"audioPlay":false,"sceneViewState":{"showFog":true,"showMaterialUpdate":false,"showSkybox":false,"showFlares":true,"showImageEffects":true,"showParticleSystems":true},"in2DMode":false,"pivot":{"x":-5.690491676330566,"y":3.591888427734375,"z":-0.23241984844207765},"rotation":{"x":-0.25655657052993777,"y":-0.2991507649421692,"z":0.08385223895311356,"w":-0.915240466594696},"size":9.61782169342041,"orthographic":false}