{"cameraMode":{"drawMode":0,"name":"Shaded","section":"Shading Mode"},"sceneLighting":false,"audioPlay":false,"sceneViewState":{"showFog":true,"showMaterialUpdate":false,"showSkybox":false,"showFlares":true,"showImageEffects":true,"showParticleSystems":true},"in2DMode":false,"pivot":{"x":-3.5699996948242189,"y":3.2900002002716066,"z":8.710000038146973},"rotation":{"x":-0.25655657052993777,"y":-0.2991507649421692,"z":0.08385223895311356,"w":-0.915240466594696},"size":14.757074356079102,"orthographic":false}