{"cameraMode":{"drawMode":0,"name":"Shaded","section":"Shading Mode"},"sceneLighting":false,"audioPlay":false,"sceneViewState":{"showFog":true,"showMaterialUpdate":false,"showSkybox":false,"showFlares":true,"showImageEffects":true,"showParticleSystems":true},"in2DMode":false,"pivot":{"x":269.134033203125,"y":2.3194053173065187,"z":307.1062316894531},"rotation":{"x":-0.03914796561002731,"y":0.7286487817764282,"z":-0.04179960489273071,"w":-0.6824960708618164},"size":5.591115951538086,"orthographic":false}