{"cameraMode":{"drawMode":0,"name":"Shaded","section":"Shading Mode"},"sceneLighting":false,"audioPlay":false,"sceneViewState":{"showFog":true,"showMaterialUpdate":false,"showSkybox":false,"showFlares":true,"showImageEffects":true,"showParticleSystems":true},"in2DMode":false,"pivot":{"x":260.5406188964844,"y":0.7637748718261719,"z":307.27777099609377},"rotation":{"x":0.06189925596117973,"y":0.9136922955513,"z":-0.15214243531227113,"w":0.37173619866371157},"size":2.934201717376709,"orthographic":true}